{"cameraMode":{"drawMode":0,"name":"Shaded","section":"Shading Mode"},"sceneLighting":true,"audioPlay":false,"sceneViewState":{"m_AlwaysRefresh":false,"showFog":true,"showSkybox":false,"showFlares":true,"showImageEffects":true,"showParticleSystems":true,"showVisualEffectGraphs":true,"m_FxEnabled":true},"in2DMode":false,"pivot":{"x":-0.43128764629364016,"y":1.3193774223327637,"z":-1.1042449474334717},"rotation":{"x":-0.3057780861854553,"y":0.1818767488002777,"z":-0.059665244072675708,"w":-0.9326905608177185},"size":0.21084114909172059,"orthographic":false}